PROJECT_ID,COUNT_SAMPLES,access_point_type,alkalinity,ammonium,argon,arsenic,benzene,bicarbonate,biome_secondary,blank_or_control,borehole_depth,boron,calcium,carbon_dioxide,carbonate,chloride,clone_library_results,collection_date,conductivity,custom_metadata_316_id,custom_metadata_429_id,data_source,dataset,dataset_id,del18o_water,depth,depth_in_core,depth_subseafloor,depth_subterrestrial,description,diss_hydrogen,diss_inorg_carb,diss_inorg_carbon_del13c,diss_org_carb,diss_oxygen,dna_extraction_meth,dna_quantitation,dna_region,domain,elevation,enrichment,env_biome,env_feature,env_material,env_package,enzyme_activities,ethane,feature_secondary,fluoride,formation_name,functional_gene_assays,geo_loc_name,geo_loc_name_continental,geo_loc_name_marine,habitat_description,hydrogen_sulfide,illumina_index,include,investigation_type,iron,iron_ii,iron_iii,isobutane,isol_growth_cond,lat_lon,latitude,lithium,lithology,location,longitude,magnesium,manganese,material_secondary,methane,methane_del13c,methane_ox_depth,methane_ox_rate,microbial_biomass_avg_cell_number,microbial_biomass_fish,microbial_biomass_for_dna_extract,microbial_biomass_intactpolarlipid,microbial_biomass_microscopic,microbial_biomass_platecounts,microbial_biomass_qpcr,microbial_biomass_std_deviation,n_butane,nitrate,nitrite,nitrogen,nitrogen_tot,noble_gas_chemistry,npoc,org_carb_nitro_ratio,oxygen,part_org_carbon_del13c,perc_core_recovered,ph,ph_of_mud_pool,phosphate,plate counts on m3-ch3oh,plate counts on m3-nh4cl+vitamines,plate counts on marine agar,plate_counts,porosity,potassium,pressure,primer_suite,primers,project,project_abstract,project_name_user,propane,redox_potential,redox_state,reference,resistivity,rock_age,rock_type,run,run_key,salinity,salinity_ppt,samp_stor_temp_max,samp_stor_temp_min,samp_store_dur,samp_store_temp,sample_collection_device,sample_name,sample_size_mass,sample_size_vol,sample_storage_temp2,sample_type,sequencing_meth,sequencing_platform,silicate,single_cell,sodium,soil_ch4_flux,soil_co2_flux,special_note,sulfate,sulfate_red_depth,sulfate_red_rate,sulfide,sulfur_tot,target_gene,tds,temperature,tot_carb,tot_depth_water_col,tot_inorg_carb,tot_org_carb,trace_element_geochem,water_age
DCO_BKR,14,0.0,0.785714285714286,0.0,0.0,0.0,0.0,0.0,1.0,1.0,0.0,0.0,0.0,0.0,0.0,0.0,0.0,1.0,0.0,0.0,0.0,0.0,1.0,1.0,0.0,0.0,0.0,0.857142857142857,0.0,0.0,0.0,0.0,0.0,0.0,0.0,1.0,0.785714285714286,1.0,1.0,0.642857142857143,1.0,1.0,1.0,1.0,1.0,0.0,0.0,0.357142857142857,0.0,0.0,0.0,1.0,0.0,1.0,0.0,0.0,1.0,1.0,0.0,0.0,0.0,0.0,0.0,0.0,0.0,1.0,0.0,1.0,0.0,1.0,0.0,0.0,0.0,0.785714285714286,0.0,0.0,0.0,0.0,0.0,0.0,0.0,0.642857142857143,0.0,0.0,0.0,0.0,0.0,0.0,0.0,0.0,0.0,0.0,0.0,0.0,0.0,0.0,0.785714285714286,0.0,0.0,0.0,0.0,0.0,0.0,0.0,0.0,0.0,1.0,1.0,1.0,1.0,0.0,0.0,0.0,0.0,0.0,0.0,0.0,0.0,1.0,1.0,0.785714285714286,0.0,0.0,0.0,0.0,1.0,0.0,1.0,0.0,0.0,0.0,0.0,0.0,1.0,0.0,0.0,0.0,0.0,0.0,0.0,0.785714285714286,0.0,0.0,0.0,0.0,1.0,0.0,0.0,0.0,0.785714285714286,0.0,0.0,0.0,0.0
DCO_BOM,24,1.0,1.0,1.0,0.0,0.0,0.0,1.0,1.0,1.0,0.0,0.0,1.0,0.0,0.0,1.0,0.0,1.0,1.0,0.0,0.0,0.0,1.0,1.0,0.0,0.0,0.0,0.0,1.0,0.0,0.0,1.0,0.0,0.0,0.0,1.0,1.0,1.0,1.0,0.0,1.0,1.0,1.0,1.0,1.0,0.0,0.0,0.0,0.0,1.0,0.0,1.0,0.916666666666667,0.0,0.0,0.0,1.0,1.0,1.0,1.0,1.0,0.0,0.0,0.0,0.0,1.0,0.0,0.0,0.0,1.0,0.916666666666667,0.25,1.0,0.0,0.0,0.0,0.0,0.0,0.0,0.0,0.0,0.916666666666667,0.0,1.0,0.0,0.0,1.0,1.0,0.0,1.0,0.0,1.0,0.0,0.0,0.0,0.0,1.0,0.0,0.333333333333333,0.0,0.0,0.0,0.0,0.0,1.0,0.0,0.916666666666667,0.916666666666667,1.0,1.0,0.0,0.0,0.0,1.0,0.0,0.0,0.0,1.0,0.916666666666667,1.0,0.0,0.0,0.0,0.0,0.0,1.0,0.0,1.0,0.0,1.0,0.0,1.0,0.0,0.0833333333333333,0.0,0.0,1.0,0.0,0.0,0.0,1.0,0.0,0.0,0.916666666666667,1.0,1.0,0.875,1.0,0.0,0.0,0.0,0.0,0.0,0.0
DCO_BRA,24,1.0,0.916666666666667,0.916666666666667,0.0,0.0,0.0,0.0,1.0,1.0,0.0,0.0,0.916666666666667,0.0,0.0,0.916666666666667,0.0,1.0,0.0,0.0,0.0,0.0,1.0,1.0,0.0,0.0,0.0,0.833333333333333,0.0,0.0,0.0,0.0,0.0,0.0,0.0,1.0,1.0,1.0,1.0,0.5,1.0,1.0,1.0,1.0,1.0,0.0,0.0,1.0,0.0,1.0,0.0,1.0,1.0,1.0,0.0,0.0,1.0,1.0,1.0,0.0,0.0,0.0,0.0,0.0,0.0,1.0,0.0,1.0,0.0,1.0,0.0,0.916666666666667,1.0,0.0,0.0,0.0,0.0,0.0,0.0,0.0,0.0,0.0,0.0,0.0,0.0,0.0,0.0,0.0,0.0,0.0,0.0,0.0,0.0,0.0,0.0,0.0,1.0,0.0,0.916666666666667,0.0,0.0,0.0,0.0,0.0,0.0,0.0,1.0,1.0,1.0,1.0,0.0,0.0,0.0,0.0,0.0,0.0,0.0,0.0,1.0,1.0,0.0,0.0,0.0,0.0,1.0,1.0,0.0,1.0,1.0,0.0,0.0,1.0,0.0,1.0,0.0,0.0,0.916666666666667,0.0,0.0,0.0,0.916666666666667,0.0,0.0,0.0,0.0,1.0,0.0,1.0,0.0,1.0,0.0,0.0,0.0,0.0
DCO_BRG,17,0.0,0.0,0.0,0.0,0.0,0.0,0.0,0.941176470588235,1.0,0.0,0.0,0.0,0.0,0.941176470588235,0.941176470588235,0.117647058823529,0.941176470588235,0.941176470588235,0.0,0.0,0.0,0.941176470588235,0.941176470588235,0.0,0.0,0.0,0.941176470588235,0.0,0.0,0.0,0.0,0.0,0.0,0.0,0.941176470588235,0.941176470588235,0.941176470588235,0.941176470588235,0.0,1.0,0.941176470588235,0.941176470588235,0.941176470588235,0.941176470588235,0.0,0.0,0.941176470588235,0.0,0.0,0.0,0.941176470588235,0.0,0.941176470588235,0.0,0.0,0.0,1.0,0.941176470588235,0.0,0.0,0.0,0.0,0.0,0.0,0.941176470588235,0.0,0.941176470588235,0.0,0.941176470588235,0.0,0.0,0.0,0.0,0.0,0.0,0.0,0.0,0.0,0.0,0.0,0.882352941176471,0.0,0.0,0.0,0.0,0.0,0.0,0.0,0.0,0.0,0.0,0.941176470588235,0.0,0.0,0.0,0.941176470588235,0.0,0.0,0.0,0.0,0.0,0.0,0.941176470588235,0.0,0.0,0.941176470588235,0.941176470588235,0.941176470588235,0.941176470588235,0.0,0.0,0.0,0.0,0.0,0.941176470588235,0.941176470588235,0.0,0.941176470588235,0.941176470588235,0.0,0.0,0.0,0.0,0.0,0.941176470588235,0.0,0.941176470588235,0.0,0.0,0.0,0.941176470588235,0.0,0.941176470588235,0.0,0.0,0.0,0.0,0.0,0.0,0.0,0.0,0.0,0.0,0.0,0.941176470588235,0.0,0.941176470588235,0.941176470588235,0.941176470588235,0.0,0.941176470588235,0.0,0.0
DCO_BRZ,634,0.0252365930599369,0.0,0.0,0.0,0.0,0.0,0.0,0.269716088328076,1.0,0.0,0.0,0.0,0.0,0.0,0.0,0.0,0.294952681388013,0.0252365930599369,0.0,0.0,0.0,1.0,1.0,0.0,0.0,0.0,0.0,0.0252365930599369,0.0,0.0,0.0,0.0,0.0,0.0,0.0252365930599369,0.0,1.0,1.0,0.0252365930599369,1.0,0.294952681388013,0.269716088328076,0.269716088328076,1.0,0.0,0.0,0.0962145110410095,0.0,0.0252365930599369,0.0,0.294952681388013,0.198738170347003,0.0962145110410095,0.0,0.0,0.974763406940063,1.0,0.0,0.0,0.0,0.0,0.0,0.0,0.0,0.294952681388013,0.0,0.0,0.0,0.294952681388013,0.0,0.0,0.173501577287066,0.0,0.0,0.0,0.0,0.0,0.0,0.0,0.0,0.0,0.0,0.0,0.0,0.0,0.0,0.0,0.0,0.0,0.0,0.0,0.0,0.0,0.0,0.0,0.197160883280757,0.0,0.0,0.0,0.0,0.0,0.0,0.0,0.0,0.0,1.0,1.0,1.0,1.0,0.0,0.0,0.0157728706624606,0.0,0.0,0.0,0.0,0.0,1.0,1.0,0.0,0.0,0.0,0.0,0.0,0.0252365930599369,0.0,0.0252365930599369,0.0,0.0173501577287066,0.0,0.0,0.0678233438485804,1.0,0.0,0.0,0.0,0.0,0.0,0.0,0.0,0.0,0.0,0.0,0.0,1.0,0.0,0.194006309148265,0.0,0.0,0.0,0.0,0.0,0.0
DCO_CMT,24,0.0,0.0,1.0,0.0,0.0,0.0,0.0,0.0,1.0,0.0,0.0,0.0,0.0,0.0,0.0,0.0,1.0,0.0,0.0,0.0,0.0,1.0,1.0,0.0,0.0,0.0,0.0,0.0,0.0,0.0,0.0,0.0,0.0,0.0,1.0,1.0,1.0,1.0,1.0,1.0,1.0,1.0,1.0,1.0,0.0,0.0,0.0,0.0,0.0,0.0,1.0,1.0,1.0,0.0,0.0,1.0,1.0,0.0,0.0,0.0,0.0,0.0,0.0,0.0,1.0,0.0,0.0,0.0,1.0,0.0,0.0,0.0,0.0,0.0,0.0,0.0,0.0,0.0,0.0,0.0,0.0,0.0,0.0,0.0,0.0,1.0,1.0,0.0,0.0,0.0,0.0,0.0,0.0,0.0,0.0,1.0,0.0,1.0,0.0,0.0,0.0,0.0,0.0,0.0,0.0,1.0,1.0,1.0,1.0,0.0,0.0,0.0,0.0,1.0,0.0,0.0,0.0,1.0,1.0,0.0,0.0,0.0,0.0,1.0,1.0,0.0,1.0,0.0,1.0,0.0,1.0,0.0,1.0,0.0,0.0,0.0,0.0,0.0,0.0,0.0,0.0,0.0,0.0,0.0,1.0,0.0,1.0,0.0,1.0,0.0,0.0,0.0,0.0
DCO_DAL,12,0.916666666666667,0.916666666666667,0.5,0.0,0.0,0.0,0.0,0.0,1.0,0.0,0.0,0.916666666666667,0.0,0.0,0.916666666666667,0.0,0.916666666666667,0.916666666666667,0.0,0.0,0.0,1.0,1.0,0.0,0.0,0.0,0.0,0.916666666666667,0.0,0.416666666666667,0.0,0.0,0.0,0.75,0.0,0.0,1.0,1.0,0.916666666666667,1.0,1.0,0.916666666666667,1.0,0.916666666666667,0.0,0.0,0.0,0.0,0.0,0.0,0.916666666666667,0.916666666666667,0.0,0.0,0.0,1.0,1.0,0.0,0.916666666666667,0.0,0.0,0.0,0.0,0.0,1.0,0.0,0.0833333333333333,0.0,1.0,0.0,0.916666666666667,0.0,0.75,0.0,0.0,0.0,0.0,0.0,0.0,0.0,0.0,0.0,0.0,0.0,0.0,0.25,0.0,0.0,0.0,0.916666666666667,0.0,0.0,0.0,0.0,0.0,0.916666666666667,0.0,0.25,0.916666666666667,0.916666666666667,0.916666666666667,0.0,0.0,0.0,0.0,0.916666666666667,0.916666666666667,1.0,0.916666666666667,0.0,0.0,0.0,0.0,0.0,0.0,0.0,0.0,0.916666666666667,1.0,0.0,0.0,0.0,0.0,0.0,0.0,0.0,0.916666666666667,0.0,0.916666666666667,0.0,0.0,0.0,0.916666666666667,0.0,0.0,0.916666666666667,0.0,0.0,0.0,0.916666666666667,0.0,0.0,0.0,0.0,1.0,0.0,0.916666666666667,0.0,0.0,0.0,0.0,0.916666666666667,0.0
DCO_GAI,16,0.125,0.0,0.0,0.0,0.0,0.0,0.0,1.0,1.0,0.0,0.0,0.875,0.0,0.0,0.875,0.0,1.0,0.0,0.0,0.0,0.0,1.0,1.0,0.0,0.0,0.0,0.0,0.875,0.0,0.0,0.0,0.0,0.0,0.0,1.0,1.0,1.0,1.0,1.0,1.0,1.0,1.0,1.0,1.0,0.0,0.0,1.0,0.0,0.125,0.0,1.0,1.0,0.0,0.0,0.0,0.0,1.0,1.0,0.875,0.0,0.0,0.0,0.875,0.0,1.0,0.0,0.0,0.0,1.0,0.0,0.0625,1.0,0.0,0.0,0.0,0.0,0.0,0.875,0.0,0.0,0.0,0.0,0.0,0.0,0.0,0.0,0.0,0.0,0.0,0.0,0.0,0.0,0.0,0.0,0.0,1.0,0.0,0.0,0.0,0.0,0.0,0.0,0.0,0.0,0.0,1.0,1.0,1.0,1.0,0.0,0.0,0.0,0.0,0.0,0.0,0.0,0.0,1.0,1.0,0.0,0.0,0.0,0.0,0.875,0.875,0.0,1.0,0.0,1.0,0.0,1.0,0.0,1.0,0.0,0.0,0.875,0.0,0.0,0.0,0.875,0.0,0.0,0.0,0.0,1.0,0.0,0.875,0.0,0.5,0.0,0.0,0.0,0.0
DCO_GMSB,18,0.0,0.0,0.0,0.0,0.0,0.0,0.0,1.0,1.0,0.0,0.0,0.888888888888889,0.0,0.0,0.888888888888889,0.0,1.0,0.0,0.0,0.0,0.0,1.0,1.0,0.0,0.0,0.0,1.0,0.0,0.0,0.0,0.888888888888889,0.888888888888889,0.0,0.0,1.0,1.0,1.0,1.0,1.0,1.0,1.0,1.0,1.0,1.0,0.0,0.0,0.0,0.0,1.0,0.0,1.0,1.0,1.0,0.0,0.0,1.0,1.0,1.0,0.0,0.0,0.0,0.0,0.0,0.0,1.0,0.0,0.0,0.0,1.0,0.888888888888889,0.888888888888889,1.0,0.888888888888889,0.444444444444444,0.0,0.0,0.0,0.0,0.0,0.0,0.0,0.0,0.0,0.0,0.0,0.0,0.0,0.0,0.0,0.0,0.0,0.0,0.0,0.0,0.0,0.0,0.0,0.0,0.0,0.0,0.0,0.0,0.0,0.0,0.0,1.0,1.0,1.0,1.0,0.0,0.0,0.0,0.0,0.0,0.0,0.0,0.0,1.0,1.0,0.0,0.0,0.0,0.0,1.0,1.0,0.0,1.0,0.0,1.0,0.0,1.0,0.0,1.0,0.0,0.0,0.888888888888889,0.0,0.0,0.0,0.888888888888889,0.0,0.0,0.888888888888889,0.0,1.0,0.0,1.0,0.0,1.0,0.0,0.777777777777778,0.0,0.0
DCO_GRA,6,1.0,0.0,0.0,0.0,0.0,0.0,0.0,0.0,1.0,1.0,0.0,1.0,0.0,0.0,1.0,0.0,1.0,1.0,1.0,0.0,0.0,1.0,1.0,0.0,0.0,0.0,0.0,1.0,0.0,0.0,0.0,0.0,0.0,0.0,1.0,1.0,1.0,1.0,1.0,1.0,1.0,1.0,1.0,1.0,0.0,0.0,0.0,0.0,1.0,0.0,1.0,1.0,0.0,0.0,0.0,0.0,1.0,1.0,1.0,0.0,0.0,0.0,0.0,0.0,1.0,0.0,0.0,0.0,1.0,0.0,1.0,0.0,0.0,0.0,0.0,0.0,0.0,0.0,0.0,0.0,0.0,0.0,0.0,0.0,0.0,1.0,1.0,0.0,0.0,0.0,0.0,0.0,0.0,0.0,0.0,1.0,0.0,1.0,0.0,0.0,0.0,0.0,0.0,0.0,0.0,1.0,1.0,1.0,1.0,0.0,0.0,0.0,0.666666666666667,0.0,0.0,1.0,1.0,1.0,1.0,0.0,0.0,0.0,0.0,1.0,1.0,0.0,1.0,0.0,1.0,0.0,1.0,0.0,1.0,0.0,0.0,1.0,0.0,0.0,0.0,1.0,0.0,0.0,0.0,0.0,1.0,0.0,1.0,0.0,0.0,0.0,0.0,0.0,0.0
DCO_GRD,1,0.0,0.0,0.0,0.0,0.0,0.0,0.0,0.0,0,0.0,0.0,0.0,0.0,0.0,0.0,0.0,0.0,0.0,0.0,0.0,0.0,1.0,1.0,0.0,0.0,0.0,0.0,0.0,0.0,0.0,0.0,0.0,0.0,0.0,0.0,0.0,1.0,1.0,0.0,0,0.0,0.0,0.0,0.0,0.0,0.0,0.0,0.0,0.0,0.0,0.0,0.0,0.0,0.0,0.0,0.0,0,0.0,0.0,0.0,0.0,0.0,0.0,0.0,0.0,0.0,0.0,0.0,0.0,0.0,0.0,0.0,0.0,0.0,0.0,0.0,0.0,0.0,0.0,0.0,0.0,0.0,0.0,0.0,0.0,0.0,0.0,0.0,0.0,0.0,0.0,0.0,0.0,0.0,0.0,0.0,0.0,0.0,0.0,0.0,0.0,0.0,0.0,0.0,0.0,1.0,1.0,1.0,0.0,0.0,0.0,0.0,0.0,0.0,0.0,0.0,0.0,0.0,0.0,0.0,0.0,0.0,0.0,0.0,0.0,0.0,0.0,0.0,0.0,0.0,0.0,0.0,1.0,0.0,0.0,0.0,0.0,0.0,0.0,0.0,0.0,0.0,0.0,0.0,1.0,0.0,0.0,0.0,0.0,0.0,0.0,0.0,0.0
DCO_HIN,14,1.0,0.0,0.714285714285714,0.0,0.0,0.0,0.0,0.0,1.0,0.0,0.0,0.857142857142857,0.0,0.0,1.0,0.0,1.0,1.0,0.0,0.0,0.0,1.0,1.0,0.0,0.0,0.0,1.0,0.0,0.0,0.0,0.714285714285714,1.0,0.714285714285714,0.0,1.0,1.0,1.0,1.0,0.0,1.0,1.0,1.0,1.0,1.0,0.0,0.0,0.0,0.0,0.0,0.0,1.0,0.0,1.0,0.0,0.0,0.0,1.0,1.0,0.857142857142857,0.714285714285714,0.0,0.0,0.0,0.0,1.0,0.0,1.0,0.0,1.0,0.0,0.857142857142857,0.0714285714285714,1.0,0.857142857142857,0.0,0.0,0.0,0.0,0.0,0.0,0.0,0.0,0.0,0.0,0.0,0.0,0.0,0.0,0.0,0.0,0.0,0.0,0.0,1.0,1.0,1.0,0.0,0.857142857142857,0.0,0.0,0.0,0.0,0.0,0.0,0.0,1.0,1.0,1.0,1.0,0.0,0.0,0.0,1.0,0.0,0.0,0.0,0.0,1.0,1.0,0.0,0.0,0.0,0.0,0.0,0.0,0.0,1.0,0.0,1.0,0.0,1.0,0.0,1.0,0.0,0.0,0.857142857142857,0.0,0.0,0.0,0.857142857142857,0.0,0.0,0.0,0.0,1.0,0.0,0.0,0.0,1.0,0.0,0.0,0.0,0.0
DCO_KLA,18,0.0,0.722222222222222,0.0,0.0,0.0,0.0,0.0,0.555555555555556,1.0,0.0,0.0,0.0,0.0,0.0,0.0,0.0,0.888888888888889,0.0,0.0,0.0,0.0,1.0,1.0,0.0,0.0,0.0,1.0,0.0,0.0,0.0,0.0,0.0,0.0,0.0,1.0,1.0,1.0,1.0,0.0,1.0,1.0,0.888888888888889,1.0,0.888888888888889,0.0,0.0,0.611111111111111,0.0,0.0,0.0,1.0,0.777777777777778,0.888888888888889,0.0,0.0,1.0,1.0,1.0,0.0,0.0,0.0,0.0,0.0,0.0,0.888888888888889,0.0,0.0,0.0,0.888888888888889,0.0,0.0,0.888888888888889,0.0,0.0,0.0,0.0,0.0,0.0,0.0,0.0,0.0,0.0,0.0,0.0,0.0,0.0,0.0,0.0,0.0,0.0,0.0,0.0,0.0,0.0,0.0,0.0,0.0,0.0,0.0,0.0,0.0,0.0,0.0,0.0,0.0,1.0,1.0,1.0,1.0,1.0,0.0,0.0,0.0,0.0,0.0,0.0,0.0,1.0,1.0,0.888888888888889,0.0,0.0,0.0,0.0,0.944444444444444,0.0,1.0,0.944444444444444,0.888888888888889,0.0,1.0,0.0,1.0,0.0,0.0,0.0,0.0,0.0,0.0,0.888888888888889,0.0,0.0,0.0,0.0,1.0,0.0,0.888888888888889,0.0,0.888888888888889,0.0,0.0,0.0,0.0
DCO_LAV,12,1.0,0.0,0.0,0.0,0.0,0.0,0.0,1.0,1.0,0.0,0.0,0.0,0.0,0.0,0.0,0.0,1.0,1.0,0.0,0.0,0.0,1.0,1.0,0.0,0.0,0.0,0.0,1.0,0.0,0.0,0.0,0.0,0.0,0.0,1.0,1.0,1.0,1.0,1.0,1.0,1.0,1.0,1.0,1.0,0.0,0.0,1.0,0.0,1.0,0.0,1.0,1.0,0.0,0.0,0.0,0.0,1.0,1.0,0.0,0.0,0.0,0.0,0.0,0.0,1.0,0.0,1.0,0.0,1.0,0.0,0.0,1.0,0.0,0.0,0.0,0.0,0.0,0.0,0.0,0.0,0.0,0.0,0.0,0.0,0.0,0.0,0.0,0.0,0.0,0.0,0.0,0.0,0.0,0.0,0.0,1.0,0.0,0.0,0.0,0.0,0.0,0.0,0.0,0.0,0.0,1.0,1.0,1.0,1.0,0.0,0.0,0.0,0.0,1.0,0.0,0.0,1.0,1.0,1.0,0.0,0.0,0.0,0.0,0.0,1.0,0.0,1.0,0.0,1.0,0.0,1.0,0.0,1.0,0.0,0.0,0.0,0.0,0.0,1.0,0.0,0.0,0.0,0.0,0.0,1.0,0.0,1.0,0.0,0.0,0.0,0.0,0.0,0.0
DCO_LAZ,30,1.0,0.0,0.0,0.0,0.0,0.0,0.0,0.0,1.0,0.0,0.0,0.0,0.0,0.0,0.0,0.0,0.2,0.0,0.0,0.0,0.0,1.0,1.0,0.0,0.0,0.0,1.0,0.0,0.0,0.0,0.0,0.0,0.0,0.0,1.0,0.0,1.0,1.0,0.0,1.0,1.0,1.0,1.0,1.0,0.0,0.0,1.0,0.0,1.0,0.0,0.666666666666667,0.0,1.0,0.0,0.0,1.0,1.0,0.0,0.0,0.0,0.0,0.0,0.0,0.0,1.0,0.0,0.0,0.0,1.0,0.0,0.0,0.0,0.0,0.0,0.0,0.0,0.0,0.0,0.0,0.0,0.0,0.0,0.0,0.0,0.0,0.0,0.0,0.0,0.0,0.0,0.0,0.0,0.0,0.0,0.0,1.0,0.0,0.0,0.0,0.0,0.0,0.0,0.0,0.0,0.0,1.0,1.0,1.0,1.0,0.0,0.0,0.0,0.0,0.0,0.0,0.0,0.0,1.0,1.0,0.0,0.0,0.0,0.0,1.0,1.0,0.0,1.0,0.2,0.0,0.0,0.0,0.0,1.0,0.0,0.0,0.0,0.0,0.0,0.0,0.0,0.0,0.0,0.0,0.0,1.0,0.0,1.0,0.0,1.0,0.0,0.0,0.0,0.0
DCO_LIN,24,0.0,0.0,0.0,0.0,0.0,0.0,0.0,1.0,1.0,0.0,0.0,0.0,0.0,0.0,0.0,0.0,1.0,0.0,0.0,0.0,0.0,1.0,1.0,0.0,0.0,0.0,0.0,1.0,0.0,0.0,0.0,0.0,0.0,0.0,1.0,1.0,1.0,1.0,1.0,1.0,1.0,1.0,1.0,1.0,0.0,0.0,0.0,0.0,0.0,0.0,1.0,1.0,0.0,0.0,0.0,1.0,1.0,1.0,0.0,0.0,0.0,0.0,0.0,0.0,1.0,0.0,0.0,0.0,1.0,0.0,0.0,1.0,0.0,0.0,0.0,0.0,0.0,0.0,0.0,0.0,0.0,0.0,0.0,0.0,0.0,0.0,0.0,0.0,0.0,0.0,0.0,0.0,0.0,0.0,0.0,0.0,0.0,0.0,0.0,0.0,0.0,0.0,0.0,0.0,0.0,1.0,1.0,1.0,1.0,0.0,0.0,0.0,0.0,0.0,0.0,0.0,1.0,1.0,1.0,0.0,0.0,0.0,0.0,0.0,1.0,0.0,1.0,1.0,0.0,0.0,1.0,0.0,1.0,0.0,0.0,0.0,0.0,0.0,0.0,0.0,0.0,0.0,0.0,0.0,1.0,0.0,1.0,0.0,0.0,0.0,0.0,0.0,0.0
DCO_LOIH,13,0.538461538461538,0.0,0.769230769230769,0.0,0.0,0.0,0.0,0.0,1.0,0.0,0.0,0.0,0.0,0.0,0.0,0.0,1.0,0.0,0.0,0.0,0.0,1.0,1.0,0.0,0.0,0.0,0.0,0.0,0.0,0.0,0.0,0.0,0.0,0.0,1.0,0.923076923076923,1.0,1.0,0.0,1.0,1.0,1.0,1.0,1.0,0.0,0.0,1.0,0.0,0.615384615384615,0.0,0.769230769230769,0.692307692307692,1.0,0.0,0.0,1.0,1.0,1.0,0.0,0.0,0.0,0.0,0.0,0.0,1.0,0.0,0.0,0.0,1.0,0.0,0.0,0.615384615384615,0.0,0.0,0.0,0.0,0.0,0.0,0.0,0.0,0.0,0.0,0.0,0.0,0.0,0.769230769230769,0.769230769230769,0.0,0.0,0.0,0.0,0.0,0.0,0.0,0.615384615384615,0.0,0.0,0.615384615384615,0.0,0.0,0.0,0.0,0.0,0.0,0.0,0.615384615384615,0.615384615384615,1.0,1.0,0.0,0.0,0.0,0.0,0.0,0.0,0.0,0.0,0.615384615384615,1.0,0.0,0.0,0.0,0.0,0.615384615384615,0.846153846153846,0.0,1.0,0.0,0.769230769230769,0.0,1.0,0.0,0.615384615384615,0.0,0.0,0.0,0.0,0.0,0.0,0.0,0.0,0.0,0.0,0.0,1.0,0.0,0.769230769230769,0.0,0.769230769230769,0.0,0.0,0.0,0.0
DCO_MAC,16,0.0,0.0,0.0,0.0,0.0,0.0,0.0,0.0,1.0,0.0,0.0,0.0,0.0,0.0,0.0,0.0,0.0,1.0,0.0,0.0,0.0,1.0,1.0,0.0,0.0,0.0,0.0,1.0,0.0,0.0,0.0,0.0,0.0,0.0,0.0,0.0,1.0,1.0,0.0,1.0,1.0,1.0,1.0,0.5,0.0,0.0,0.0,0.0,0.0,0.0,1.0,1.0,0.0,0.0,0.0,1.0,1.0,0.0,0.0,0.0,0.0,0.0,0.0,0.0,1.0,0.0,0.0,0.0,1.0,0.0,0.0,0.0,0.0,0.0,0.0,0.0,0.0,0.0,0.0,0.0,0.0,0.0,0.0,0.0,0.0,0.0,0.0,0.0,0.0,0.0,0.0,0.0,0.0,0.0,0.0,1.0,0.0,0.0,0.0,0.0,0.0,0.0,0.0,0.0,0.0,1.0,1.0,1.0,1.0,0.0,0.0,0.0,0.0,0.0,0.0,0.0,0.0,1.0,1.0,0.0,0.0,0.0,0.0,0.0,0.0,0.0,0.0,0.0,0.0,0.0,0.0,0.0,1.0,0.0,0.0,0.0,0.0,0.0,0.0,0.0,0.0,0.0,0.0,0.0,1.0,0.0,1.0,0.0,0.0,0.0,0.0,0.0,0.0
DCO_MAR,6,0.0,0.0,0.0,0.0,0.0,0.0,0.0,0.666666666666667,1.0,0.0,0.0,0.0,0.0,0.0,0.0,0.0,1.0,0.0,0.0,0.0,0.0,1.0,1.0,0.0,0.0,0.0,0.0,0.333333333333333,0.0,0.0,0.0,0.0,0.0,0.0,1.0,1.0,1.0,1.0,1.0,1.0,1.0,1.0,1.0,1.0,0.0,0.0,0.333333333333333,0.0,1.0,0.0,1.0,1.0,0.0,0.0,0.0,1.0,1.0,1.0,0.0,0.0,0.0,0.0,0.0,0.0,1.0,0.0,0.0,0.0,1.0,0.0,0.0,0.666666666666667,0.0,0.0,0.0,0.0,0.0,0.0,0.0,0.0,0.0,0.0,0.0,0.0,0.0,0.0,0.0,0.0,0.0,0.0,0.0,0.0,0.0,0.0,0.0,0.0,0.0,0.0,0.0,0.0,0.0,0.0,0.0,0.0,0.0,1.0,1.0,1.0,1.0,0.0,0.0,0.0,0.0,0.0,0.0,0.0,0.0,1.0,1.0,0.0,0.0,0.0,0.0,1.0,1.0,0.0,1.0,0.0,1.0,0.0,1.0,0.0,1.0,0.0,0.0,0.0,0.0,0.0,0.0,0.0,0.0,0.0,0.0,0.0,1.0,0.0,1.0,0.0,0.0,0.0,0.0,0.0,0.0
DCO_MOS,12,0.416666666666667,0.0833333333333333,0.0,0.0,0.0833333333333333,0.0,0.0,0.666666666666667,1.0,0.0,0.0833333333333333,0.0833333333333333,0.0,0.0,0.0833333333333333,0.0,1.0,1.0,0.0,0.0,0.0,1.0,1.0,0.0,0.0,0.0833333333333333,0.0,1.0,0.0,0.0,0.0,0.0,0.166666666666667,0.416666666666667,1.0,1.0,1.0,1.0,0.833333333333333,1.0,1.0,1.0,1.0,1.0,0.0,0.0,0.5,0.0,0.333333333333333,0.0,1.0,1.0,0.0,0.0,0.0,0.0,1.0,1.0,0.0833333333333333,0.0,0.0,0.0,0.0,0.0,1.0,0.0,0.0,0.0,1.0,0.0,0.0,1.0,0.0,0.0,0.0,0.0,0.0,0.0,0.0,0.0,0.0833333333333333,0.0,0.0,0.0,0.0,0.0833333333333333,0.0,0.0,0.0,0.0,0.0,0.0,0.0,0.0,0.0,1.0,0.0,0.0,0.0,0.0,0.0,0.0,0.0,0.0833333333333333,0.0,0.833333333333333,0.833333333333333,1.0,1.0,0.0,0.0,0.0,0.0833333333333333,0.0,0.0,0.0,0.416666666666667,0.833333333333333,1.0,0.0,0.0,0.0,0.0,0.333333333333333,0.666666666666667,0.0,1.0,0.0,0.333333333333333,0.0,1.0,0.0,0.416666666666667,0.0,0.0,0.0833333333333333,0.0,0.0,0.0,0.25,0.0,0.0,0.0,0.0,1.0,0.0,1.0,0.0,0.333333333333333,0.0,0.0,0.0,0.0
DCO_ONS,20,1.0,0.0,0.0,0.0,0.0,0.0,0.0,0.0,1.0,0.0,0.0,0.0,0.0,0.0,0.0,0.0,1.0,0.8,0.0,0.0,0.0,1.0,1.0,0.0,0.0,0.0,0.0,1.0,0.0,0.0,0.0,0.0,0.0,0.0,1.0,0.6,1.0,1.0,1.0,1.0,1.0,1.0,1.0,1.0,0.0,0.0,0.0,0.0,1.0,0.0,1.0,1.0,0.0,0.0,0.0,1.0,1.0,1.0,0.0,0.0,0.0,0.0,0.0,0.0,1.0,0.0,0.0,0.0,1.0,0.0,0.0,0.0,0.0,0.0,0.0,0.0,0.0,0.0,0.0,0.0,0.0,0.0,0.0,0.0,0.0,0.0,0.0,0.0,0.0,0.0,0.0,0.0,0.0,0.0,0.0,1.0,0.0,0.0,0.0,0.0,0.0,0.0,0.0,0.0,0.0,1.0,1.0,1.0,1.0,0.0,0.0,0.0,0.0,0.0,0.0,0.0,0.0,1.0,1.0,0.0,0.0,0.0,0.0,0.0,1.0,0.0,1.0,0.0,0.0,0.0,1.0,0.0,1.0,0.0,0.0,0.0,0.0,0.0,0.0,0.0,0.0,0.0,0.0,0.0,1.0,0.0,1.0,0.0,0.0,0.0,0.0,0.0,0.0
DCO_ORC,47,0.361702127659574,0.212765957446809,0.170212765957447,0.0,0.0,0.0,0.0,0.0,0.851063829787234,0.0,0.0,0.170212765957447,0.0,0.0,0.170212765957447,0.0,0.638297872340426,0.0,0.0,0.0,0.0,0.851063829787234,0.851063829787234,0.0,0.0,0.0,0.808510638297872,0.0,0.0,0.0,0.0425531914893617,0.0,0.0,0.0425531914893617,0.0,0.638297872340426,0.851063829787234,0.851063829787234,0.0,0.851063829787234,0.638297872340426,0.638297872340426,0.638297872340426,0.659574468085106,0.0,0.0,0.0,0.0,0.0,0.0,0.617021276595745,0.0,0.638297872340426,0.0,0.0,0.51063829787234,0.851063829787234,0.0,0.170212765957447,0.0,0.0,0.0,0.0,0.0638297872340425,0.638297872340426,0.0,0.276595744680851,0.0,0.638297872340426,0.0,0.170212765957447,0.212765957446809,0.170212765957447,0.0,0.0,0.0,0.0,0.0,0.0,0.0,0.0,0.0,0.0,0.0,0.0,0.212765957446809,0.0,0.0,0.0,0.0,0.0,0.0,0.0,0.0,0.0,0.787234042553192,0.0,0.212765957446809,0.0,0.0,0.0,0.0,0.0,0.0,0.0,0.574468085106383,0.574468085106383,0.851063829787234,0.851063829787234,0.0,0.0,0.0,0.297872340425532,0.0,0.0,0.0638297872340425,0.0638297872340425,0.617021276595745,0.851063829787234,0.0,0.0,0.0,0.0,0.0,0.0,0.0,0.319148936170213,0.0,0.0,0.0,0.0,0.0,0.617021276595745,0.0,0.0,0.191489361702128,0.0,0.0,0.0,0.212765957446809,0.0,0.0,0.0,0.0,0.851063829787234,0.0,0.787234042553192,0.0,0.638297872340426,0.0,0.0,0.0,0.0
DCO_PED,42,0.0,0.0,0.0,0.0,0.0,0.0,0.0,1.0,1.0,0.0,0.0,0.571428571428571,0.0,0.0,0.571428571428571,0.0,1.0,1.0,0.0,0.0,0.0,1.0,1.0,0.0,0.0,0.0,0.0,0.976190476190476,0.0,0.0,0.0,0.0,0.0,0.0,0.976190476190476,0.976190476190476,1.0,1.0,1.0,1.0,1.0,1.0,1.0,1.0,0.0,0.0,0.714285714285714,0.0,0.0,0.0,1.0,1.0,0.0,0.0,0.0,0.571428571428571,1.0,0.976190476190476,0.0,0.761904761904762,0.0,0.0,0.547619047619048,0.0,1.0,0.0,0.0,0.0,1.0,0.0,0.0,0.857142857142857,0.285714285714286,0.0,0.0,0.0,0.0,0.0,0.0,0.0,0.0,0.0,0.0,0.0,0.0,0.0,0.0238095238095238,0.0,0.0,0.0,0.0,0.0,0.0,0.0,0.0,1.0,0.0,0.0,0.0,0.0,0.0,0.0,0.0,0.571428571428571,0.333333333333333,0.976190476190476,0.976190476190476,1.0,1.0,0.0,0.0,0.0,0.666666666666667,1.0,0.0,0.0,0.0,0.976190476190476,1.0,0.0,0.0,0.0,0.0,0.0,0.976190476190476,0.0,1.0,0.0,0.380952380952381,0.0,1.0,0.0,0.976190476190476,0.0,0.0,0.571428571428571,0.0,0.0,0.0,0.761904761904762,0.0,0.0,0.904761904761905,0.0,1.0,0.0,1.0,0.0,0.0,0.0,0.0,0.0,0.0
DCO_PIN,14,0.0,0.0,0.0,0.0,0.0,0.0,0.0,0.0,0.928571428571429,0.0,0.0,0.0,0.0,0.0,0.0,0.0,0.0,0.0,0.0,0.0,0.0,0.928571428571429,0.928571428571429,0.0,0.0,0.0,0.0,0.0,0.0,0.0,0.0,0.0,0.0,0.0,0.0,0.0,0.928571428571429,0.928571428571429,0.0,0.928571428571429,0.785714285714286,0.785714285714286,0.785714285714286,0.928571428571429,0.0,0.0,0.0,0.0,0.0,0.0,0.0,0.0,0.0,0.0,0.0,0.928571428571429,0.928571428571429,0.0,0.0,0.0,0.0,0.0,0.0,0.0,0.785714285714286,0.0,0.0714285714285714,0.0,0.785714285714286,0.0,0.0,0.0,0.0,0.0,0.0,0.0,0.0,0.0,0.0,0.0,0.0,0.0,0.0,0.0,0.0,0.0,0.0,0.0,0.0,0.0,0.0,0.0,0.0,0.0,0.0,0.857142857142857,0.0,0.0,0.0,0.0,0.0,0.0,0.0,0.0,0.0,0.928571428571429,0.928571428571429,0.928571428571429,0.928571428571429,0.0,0.0,0.0,0.0,0.0,0.0,0.0,0.0,0.928571428571429,0.928571428571429,0.0,0.0,0.0,0.0,0.0,0.0,0.0,0.0714285714285714,0.0,0.0,0.0,0.0,0.0,0.928571428571429,0.0,0.0,0.0,0.0,0.0,0.0,0.0,0.0,0.0,0.0,0.0,0.928571428571429,0.0,0.0,0.0,0.0,0.0,0.0,0.0,0.0
DCO_PPA,16,1.0,1.0,1.0,0.0,0.0,0.0,0.0,0.0,1.0,0.0,0.0,1.0,0.0,0.0,1.0,0.0,1.0,0.0,0.0,0.0,0.0,1.0,1.0,0.0,0.0,0.0,1.0,0.0,0.0,0.0,0.0,0.0,1.0,0.0,1.0,1.0,1.0,1.0,0.0,1.0,1.0,2.0,1.0,1.0,1.0,0.0,0.0,0.0,1.0,0.0,1.0,0.5,1.0,0.0,0.0,0.0,1.0,1.0,1.0,0.0,0.0,0.0,0.0,0.0,1.0,0.0,1.0,0.0,1.0,0.0,0.0,0.0,0.0,0.0,0.0,0.0,0.0,0.0,0.0,0.0,1.0,1.0,0.0,0.0,0.0,1.0,0.0,0.0,0.0,0.0,0.0,0.0,0.0,0.0,0.0,1.0,0.0,1.0,0.0,0.0,0.0,0.0,0.0,0.0,1.0,1.0,1.0,1.0,1.0,0.0,0.0,0.0,1.0,0.0,0.0,1.0,1.0,1.0,1.0,0.0,0.0,0.0,0.0,1.0,1.0,0.0,1.0,0.0,0.0,0.0,1.0,0.0,1.0,0.0,0.0,1.0,0.0,0.0,0.0,1.0,0.0,0.0,0.0,0.0,1.0,0.0,1.0,0.0,1.0,0.0,0.0,0.0,1.0
DCO_QUE,14,0.0,0.0,0.0,0.0,0.0,0.0,0.0,1.0,1.0,0.0,0.0,0.0,0.0,0.0,0.0,0.0,1.0,0.0,0.0,0.0,0.0,1.0,1.0,0.0,0.0,0.0,1.0,0.0,0.0,0.0,0.0,0.0,0.0,0.0,1.0,1.0,1.0,1.0,0.0,1.0,1.0,1.0,1.0,1.0,0.0,0.0,1.0,0.0,0.0,0.0,1.0,0.0,1.0,0.0,0.0,1.0,1.0,1.0,0.0,0.0,0.0,0.0,0.0,0.0,1.0,0.0,0.0,0.0,1.0,0.0,0.0,1.0,0.0,0.0,0.0,0.0,0.0,0.0,0.0,0.0,0.0,0.0,0.0,0.0,0.0,0.0,0.0,0.0,0.0,0.0,0.0,0.0,0.0,0.0,0.0,0.0,0.0,0.0,0.0,0.0,0.0,0.0,0.0,0.0,0.0,1.0,1.0,1.0,1.0,0.0,0.0,0.0,0.0,1.0,0.0,0.0,0.0,1.0,1.0,0.0,0.0,0.0,0.0,1.0,1.0,0.0,1.0,1.0,0.0,0.0,1.0,0.0,1.0,0.0,0.0,0.0,0.0,0.0,0.0,0.0,0.0,0.0,0.0,0.0,1.0,0.0,0.0,0.0,1.0,0.0,0.0,0.0,0.0
DCO_RAM,32,1.0,0.0,0.5,0.0,0.0,0.0,0.0,1.0,1.0,0.0,0.0,0.0,0.0,0.0,0.0,0.0,1.0,0.0,0.0,0.5,1.0,1.0,1.0,0.0,0.0,0.0,1.0,0.0,0.0,0.0,0.5,0.0,0.0,0.0,1.0,1.0,1.0,1.0,0.5,1.0,1.0,1.0,1.0,1.0,0.0,0.0,1.0,0.0,1.0,0.0,1.0,0.0,1.0,1.0,0.0,0.0,1.0,1.0,0.0,0.0,0.0,0.0,0.0,1.0,1.0,0.0,0.0,0.5,1.0,0.0,0.0,0.0625,1.0,0.0,0.6875,0.125,0.5,0.0,0.0,0.0,0.0,0.0,0.0,0.0,0.0,1.0,1.0,0.0,0.0,0.0,0.0,0.0,0.0,0.0,0.0,1.0,0.0,0.5,0.0,0.0,0.0,0.0,1.0,0.0,1.0,1.0,1.0,1.0,1.0,0.0,0.0,0.0,0.0,0.0,0.0,0.0,0.0,1.0,1.0,0.0,1.0,0.5,0.5,1.0,1.0,0.0,1.0,1.0,0.0,0.5,1.0,0.0,1.0,0.0,0.0,0.0,0.0,0.0,0.0,1.0,1.0,0.3125,0.75,0.0,1.0,0.0,1.0,0.0,1.0,0.0,0.0,0.0,0.0
DCO_RUF1,1,0.0,0.0,0.0,0.0,0.0,0.0,0.0,0.0,0,0.0,0.0,0.0,0.0,0.0,0.0,0.0,0.0,0.0,0.0,0.0,0.0,1.0,1.0,0.0,0.0,0.0,0.0,0.0,0.0,0.0,0.0,0.0,0.0,0.0,0.0,0.0,1.0,1.0,0.0,0,0.0,0.0,0.0,0.0,0.0,0.0,0.0,0.0,0.0,0.0,0.0,0.0,0.0,0.0,0.0,0.0,0,0.0,0.0,0.0,0.0,0.0,0.0,0.0,0.0,0.0,0.0,0.0,0.0,0.0,0.0,0.0,0.0,0.0,0.0,0.0,0.0,0.0,0.0,0.0,0.0,0.0,0.0,0.0,0.0,0.0,0.0,0.0,0.0,0.0,0.0,0.0,0.0,0.0,0.0,0.0,0.0,0.0,0.0,0.0,0.0,0.0,0.0,0.0,0.0,1.0,1.0,1.0,0.0,0.0,0.0,0.0,0.0,0.0,0.0,0.0,0.0,0.0,0.0,0.0,0.0,0.0,0.0,0.0,0.0,0.0,0.0,0.0,0.0,0.0,0.0,0.0,1.0,0.0,0.0,0.0,0.0,0.0,0.0,0.0,0.0,0.0,0.0,0.0,1.0,0.0,0.0,0.0,0.0,0.0,0.0,0.0,0.0
DCO_RUF2,1,0.0,0.0,0.0,0.0,0.0,0.0,0.0,0.0,0,0.0,0.0,0.0,0.0,0.0,0.0,0.0,0.0,0.0,0.0,0.0,0.0,1.0,1.0,0.0,0.0,0.0,0.0,0.0,0.0,0.0,0.0,0.0,0.0,0.0,0.0,0.0,1.0,1.0,0.0,0,0.0,0.0,0.0,0.0,0.0,0.0,0.0,0.0,0.0,0.0,0.0,0.0,0.0,0.0,0.0,0.0,0,0.0,0.0,0.0,0.0,0.0,0.0,0.0,0.0,0.0,0.0,0.0,0.0,0.0,0.0,0.0,0.0,0.0,0.0,0.0,0.0,0.0,0.0,0.0,0.0,0.0,0.0,0.0,0.0,0.0,0.0,0.0,0.0,0.0,0.0,0.0,0.0,0.0,0.0,0.0,0.0,0.0,0.0,0.0,0.0,0.0,0.0,0.0,0.0,1.0,1.0,1.0,0.0,0.0,0.0,0.0,0.0,0.0,0.0,0.0,0.0,0.0,0.0,0.0,0.0,0.0,0.0,0.0,0.0,0.0,0.0,0.0,0.0,0.0,0.0,0.0,1.0,0.0,0.0,0.0,0.0,0.0,0.0,0.0,0.0,0.0,0.0,0.0,1.0,0.0,0.0,0.0,0.0,0.0,0.0,0.0,0.0
DCO_RUS,10,0.0,0.0,0.0,0.0,0.0,0.0,0.0,0.2,1.0,0.0,0.0,0.0,0.0,0.0,0.0,0.0,0.8,0.0,0.0,0.0,0.0,1.0,1.0,0.0,0.0,0.0,0.8,0.0,0.8,0.0,0.0,0.0,0.0,0.0,0.0,0.0,1.0,1.0,0.8,1.0,0.8,0.8,0.8,0.8,0.0,0.0,0.0,0.0,0.0,0.0,0.8,0.0,0.8,0.0,0.0,1.0,1.0,0.0,0.0,0.0,0.0,0.0,0.0,0.0,0.8,0.0,0.0,0.0,0.8,0.0,0.0,0.0,0.0,0.0,0.0,0.0,0.0,0.0,0.0,0.0,0.0,0.0,0.0,0.0,0.0,0.0,0.0,0.0,0.0,0.0,0.0,0.0,0.0,0.0,0.0,0.0,0.0,0.0,0.0,0.0,0.0,0.0,0.0,0.0,0.0,0.8,0.8,1.0,0.8,0.0,0.0,0.0,0.0,0.0,0.0,0.0,0.0,0.8,1.0,0.0,0.0,0.0,0.0,0.0,0.0,0.0,0.8,0.0,0.0,0.0,0.0,0.0,0.8,0.0,0.0,0.0,0.0,0.0,0.0,0.0,0.0,0.0,0.0,0.0,1.0,0.0,0.0,0.0,0.8,0.0,0.0,0.0,0.0
DCO_SAR,12,0.0,0.0,0.0,0.0,0.0,0.0,0.0,0.0,1.0,0.0,0.0,0.0,0.0,0.0,0.0,0.0,0.0,0.0,0.0,0.0,0.0,1.0,1.0,0.0,0.0,0.0,0.0,0.0,0.0,0.0,0.0,0.0,0.0,0.0,0.0,0.0,1.0,1.0,0.0,1.0,0.916666666666667,0.916666666666667,0.916666666666667,1.0,0.0,0.0,0.0,0.0,0.0,0.0,0.0,0.0,0.0,0.0,0.0,1.0,1.0,0.0,0.0,0.0,0.0,0.0,0.0,0.0,0.916666666666667,0.0,0.0,0.0,0.916666666666667,0.0,0.0,0.0,0.0,0.0,0.0,0.0,0.0,0.0,0.0,0.0,0.0,0.0,0.0,0.0,0.0,0.0,0.0,0.0,0.0,0.0,0.0,0.0,0.0,0.0,0.0,0.916666666666667,0.0,0.0,0.0,0.0,0.0,0.0,0.0,0.0,0.0,1.0,1.0,1.0,1.0,0.0,0.0,0.0,0.0,0.0,0.0,0.0,0.0,1.0,1.0,0.0,0.0,0.0,0.0,0.0,0.0,0.0,0.0,0.0,0.0,0.0,0.0,0.0,1.0,0.0,0.0,0.0,0.0,0.0,0.0,0.0,0.0,0.0,0.0,0.0,1.0,0.0,0.0,0.0,0.0,0.0,0.0,0.0,0.0
DCO_SHER,1,0.0,0.0,0.0,0.0,0.0,0.0,0.0,1.0,1.0,0.0,0.0,1.0,0.0,0.0,1.0,0.0,1.0,0.0,0.0,0.0,0.0,1.0,1.0,0.0,0.0,0.0,0.0,1.0,0.0,0.0,0.0,0.0,0.0,0.0,1.0,1.0,1.0,1.0,1.0,1.0,1.0,1.0,1.0,1.0,0.0,0.0,0.0,0.0,0.0,0.0,1.0,1.0,0.0,0.0,0.0,1.0,1.0,1.0,0.0,0.0,0.0,0.0,0.0,0.0,1.0,0.0,0.0,0.0,1.0,1.0,1.0,0.0,0.0,0.0,0.0,0.0,0.0,0.0,0.0,0.0,0.0,0.0,0.0,0.0,0.0,0.0,0.0,0.0,0.0,0.0,0.0,0.0,0.0,0.0,0.0,1.0,0.0,0.0,0.0,0.0,0.0,0.0,0.0,1.0,0.0,1.0,1.0,1.0,1.0,0.0,0.0,0.0,0.0,0.0,0.0,0.0,0.0,1.0,1.0,0.0,0.0,0.0,0.0,0.0,0.0,0.0,1.0,0.0,0.0,0.0,1.0,0.0,1.0,0.0,0.0,1.0,0.0,0.0,0.0,1.0,0.0,0.0,0.0,0.0,1.0,0.0,1.0,0.0,0.0,0.0,0.0,0.0,0.0
DCO_SYL,17,0.0,0.0,0.0,0.0,0.0,0.0,0.0,0.0,1.0,0.0,0.0,0.0,0.0,0.0,0.0,0.0,0.411764705882353,0.0,0.0,0.0,0.0,1.0,1.0,0.0,0.0,0.0,1.0,0.0,0.0,0.0,0.0,0.0,0.0,0.0,1.0,0.0,1.0,1.0,0.0,1.0,1.0,1.0,1.0,1.0,0.0,0.0,0.0,0.0,1.0,0.0,1.0,0.0,1.0,0.0,0.0,0.0,1.0,0.0,0.0,0.0,0.0,0.0,0.0,0.529411764705882,0.941176470588235,0.0,0.882352941176471,0.0,0.941176470588235,0.0,0.0,0.0,0.0,0.0,0.0,0.0,0.0,0.0,0.0,0.0,0.0,0.0,0.0,0.0,0.0,0.0,0.0,0.0,0.0,0.0,0.0,0.0,0.0,0.0,0.0,0.0,0.0,0.0,0.0,0.0,0.0,0.0,0.0,0.0,0.0,1.0,1.0,1.0,1.0,0.0,0.0,0.0,0.0,0.0,0.0,0.0,0.882352941176471,1.0,1.0,0.0,0.0,0.0,0.0,0.0,1.0,0.0,1.0,0.0,1.0,0.0,0.0,0.0,1.0,0.0,0.0,0.0,0.0,0.0,0.0,0.0,0.0,0.0,0.0,0.0,1.0,0.0,0.0,0.0,0.941176470588235,0.0,0.0,0.0,0.0
DCO_TAS,24,0.0,0.0,0.0,1.0,0.0,1.0,0.0,1.0,1.0,0.0,0.0,0.166666666666667,1.0,0.0,0.166666666666667,0.0,1.0,0.0,0.0,0.0,0.0,1.0,1.0,0.0,0.0,0.0,0.0,1.0,0.0,0.0,0.0,0.0,0.0,0.0,1.0,1.0,1.0,1.0,1.0,1.0,1.0,1.0,1.0,1.0,0.0,1.0,1.0,0.166666666666667,0.0,0.0,1.0,1.0,0.0,0.0,1.0,1.0,1.0,1.0,0.0,0.0,0.0,1.0,0.0,0.0,1.0,0.0833333333333333,0.0,0.0,1.0,0.0833333333333333,0.0,1.0,1.0,0.0,0.0,0.0,1.0,0.0,1.0,0.0,1.0,0.0,0.0,1.0,1.0,0.166666666666667,0.0,1.0,0.0,0.0,0.0,0.0,1.0,0.0,0.0,1.0,0.166666666666667,0.0,0.0,0.0,0.0,0.0,0.0,0.166666666666667,0.0,1.0,1.0,1.0,1.0,0.0,1.0,0.0,0.0,1.0,0.0,0.0,0.0,1.0,1.0,0.0,0.0,0.0,0.0,0.0,1.0,1.0,1.0,0.833333333333333,0.166666666666667,0.0,1.0,0.0,1.0,0.0,0.0,0.166666666666667,0.833333333333333,0.833333333333333,0.0,0.166666666666667,0.0,0.0,0.0,0.0,1.0,0.0,1.0,0.0,0.0,0.0,0.0,0.0,0.0
DCO_TCO,18,0.888888888888889,0.0,0.444444444444444,0.0,0.0,0.0,0.0,0.888888888888889,1.0,0.0,0.0,0.888888888888889,0.0,0.0,0.888888888888889,0.277777777777778,0.888888888888889,0.0,0.0,0.0,0.0,0.888888888888889,0.888888888888889,0.666666666666667,0.0,0.0,0.0,0.888888888888889,0.0,0.777777777777778,0.777777777777778,0.277777777777778,0.666666666666667,0.888888888888889,0.888888888888889,0.888888888888889,0.888888888888889,0.888888888888889,0.888888888888889,1.0,0.888888888888889,0.888888888888889,0.888888888888889,0.888888888888889,0.0,0.0,0.888888888888889,0.0,0.888888888888889,0.222222222222222,0.833333333333333,0.833333333333333,0.0,0.0,0.0,0.888888888888889,1.0,0.888888888888889,0.888888888888889,0.777777777777778,0.0555555555555556,0.0,0.0,0.0,0.888888888888889,0.0,0.0,0.0,0.888888888888889,0.0,0.777777777777778,0.888888888888889,0.777777777777778,0.555555555555556,0.0,0.0,0.0,0.0,0.0,0.277777777777778,0.333333333333333,0.0,0.0,0.0,0.0,0.888888888888889,0.0555555555555556,0.0,0.0,0.777777777777778,0.0,0.0,0.0,0.0,0.0,0.888888888888889,0.0,0.888888888888889,0.0,0.0,0.0,0.0,0.888888888888889,0.0,0.0,0.833333333333333,0.833333333333333,0.888888888888889,0.888888888888889,0.0,0.0,0.333333333333333,0.0,0.888888888888889,0.0,0.888888888888889,0.888888888888889,0.833333333333333,0.888888888888889,0.0,0.444444444444444,0.0,0.0,0.888888888888889,0.888888888888889,0.0,0.888888888888889,0.0,0.777777777777778,0.0,0.888888888888889,0.0,0.833333333333333,0.0,0.222222222222222,0.888888888888889,0.0,0.0,0.0,0.888888888888889,0.0,0.0,0.0,0.0,0.888888888888889,0.0,0.888888888888889,0.0,0.0,0.0,0.0,0.888888888888889,0.5
DCO_TIA2,20,0.0,0.0,0.0,0.0,0.0,0.0,0.0,1.0,1.0,0.0,0.0,0.0,0.0,0.0,0.0,0.0,0.0,0.0,0.0,0.0,0.0,1.0,1.0,0.0,0.0,0.0,0.0,1.0,0.0,0.0,0.0,0.0,0.0,0.0,0.0,0.0,1.0,1.0,0.0,1.0,1.0,1.0,1.0,1.0,0.0,0.0,0.0,0.0,0.0,0.0,1.0,1.0,0.0,0.0,0.0,1.0,1.0,0.0,0.0,0.0,0.0,0.0,0.0,0.0,0.0,0.0,0.0,0.0,0.0,0.0,0.0,1.0,0.0,0.0,0.0,0.0,0.0,0.0,0.0,0.0,0.0,0.0,0.0,0.0,0.0,0.0,0.0,0.0,0.0,0.0,0.0,0.0,0.0,0.0,0.0,1.0,0.0,0.0,0.0,0.0,0.0,0.0,0.0,0.0,0.0,1.0,1.0,1.0,1.0,0.0,0.0,0.0,0.0,0.0,0.0,0.0,0.0,1.0,1.0,0.0,0.0,0.0,0.0,0.0,0.0,0.0,0.0,0.0,0.0,0.0,0.0,0.0,1.0,0.0,0.0,0.0,0.0,0.0,0.0,0.0,0.0,0.0,0.0,0.0,1.0,0.0,0.0,0.0,0.0,0.0,0.0,0.0,0.0
DCO_WAL,20,0.9,0.0,0.0,0.0,0.0,0.0,0.0,0.0,1.0,0.0,0.0,0.9,0.0,0.0,0.9,0.0,0.9,0.0,0.0,0.0,0.0,1.0,1.0,0.0,0.0,0.0,0.9,0.0,0.0,0.0,0.9,0.0,0.0,0.0,0.9,0.0,1.0,1.0,0.0,1.0,1.0,1.0,1.0,0.9,0.0,0.0,0.0,0.0,0.0,0.0,1.0,0.0,0.9,0.0,0.0,0.0,1.0,0.0,0.0,0.0,0.0,0.0,0.0,0.0,1.0,0.0,0.0,0.0,1.0,0.0,0.0,0.0,0.0,0.0,0.0,0.0,0.0,0.0,0.0,0.0,0.0,0.0,0.0,0.0,0.0,0.0,0.0,0.0,0.0,0.0,0.0,0.0,0.0,0.0,0.0,0.9,0.0,0.9,0.0,0.0,0.0,0.0,0.0,0.0,0.0,0.9,0.9,1.0,0.9,0.0,0.0,0.0,0.9,0.0,0.0,0.0,0.9,0.9,1.0,0.0,0.0,0.0,0.0,0.9,0.9,0.0,0.9,0.0,0.0,0.0,0.0,0.0,0.9,0.0,0.0,0.0,0.0,0.0,0.0,0.0,0.0,0.0,0.0,0.0,1.0,0.0,0.0,0.0,0.9,0.0,0.0,0.0,0.0
DCO_BPC,46,0,0,0,0,0,0,0,0,1.0,0,0,0,0,0,0,0,0,0,0,0,0,0,0,0,0,0,0,0,0,0,0,0,0,0,0,0,0,0,0,1.0,0,0,0,0,0,0,0,0,0,0,0,0,0,0,0,0,1.0,0,0,0,0,0,0,0,0,0,0,0,0,0,0,0,0,0,0,0,0,0,0,0,0,0,0,0,0,0,0,0,0,0,0,0,0,0,0,0,0,0,0,0,0,0,0,0,0,0,0,0,0,0,0,0,0,0,0,0,0,0,0,0,0,0,0,0,0,0,0,0,0,0,0,0,0,0,0,0,0,0,0,0,0,0,0,0,0,0,0,0,0,0,0,0,0
